seed,result,success,steps,actions,cost_time,attempts,error
1000000,failed,0,625,500,264.33,1,
1000001,success,1,404,285,172.26,1,
1000002,failed,0,427,301,196.36,1,
1000003,failed,0,622,500,283.76,1,
1000004,failed,0,616,500,322.64,1,
1000005,success,1,339,218,158.87,1,
1000006,success,1,512,396,226.05,1,
1000007,failed,0,618,500,290.12,1,
1000008,success,1,375,253,208.17,1,
1000009,failed,0,626,500,302.54,1,
1000010,success,1,375,256,177.71,1,
1000011,failed,0,619,500,291.89,1,
1000012,failed,0,621,500,309.66,1,
1000013,success,1,570,450,257.38,1,
1000014,success,1,421,291,170.59,1,
1000015,success,1,341,221,124.31,1,
1000016,failed,0,621,500,252.14,1,
1000017,failed,0,622,500,248.05,1,
1000018,success,1,331,209,117.56,1,
1000019,success,1,404,278,163.97,1,
1000020,success,1,359,238,209.57,1,
1000021,success,1,512,384,280.77,1,
1000022,failed,0,619,500,255.09,1,
1000023,success,1,510,381,204.47,1,
1000024,failed,0,618,500,254.3,1,
1000025,success,1,481,357,207.84,1,
1000026,success,1,480,360,198.47,1,
1000027,success,1,428,308,164.34,1,
1000028,failed,0,623,500,252.3,1,
1000029,failed,0,619,500,252.92,1,
1000030,failed,0,621,500,257.58,1,
1000031,failed,0,621,500,253.52,1,
1000032,success,1,364,245,146.69,1,
1000033,failed,0,622,500,262.37,1,
1000034,success,1,503,385,206.94,1,
1000035,success,1,418,297,164.6,1,
1000036,failed,0,619,500,252.63,1,
1000037,failed,0,420,301,160.76,1,
1000038,success,1,459,328,176.46,1,
1000039,success,1,510,394,201.2,1,
1000040,failed,0,625,500,252.58,1,
1000041,success,1,448,325,173.04,1,
1000042,success,1,385,265,146.32,1,
1000043,failed,0,620,500,273.15,1,
1000044,failed,0,624,500,249.78,1,
1000045,failed,0,619,500,256.25,1,
1000046,success,1,533,412,210.15,1,
1000047,failed,0,619,500,249.43,1,
1000048,success,1,473,347,182.73,1,
1000049,failed,0,617,500,249.41,1,
1000050,success,1,445,326,174.38,1,
1000051,failed,0,619,500,272.16,1,
1000052,success,1,474,344,182.87,1,
1000053,success,1,428,304,191.24,1,
1000054,failed,0,621,500,255.95,1,
1000055,failed,0,614,500,254.83,1,
1000056,failed,0,621,500,259.66,1,
1000057,failed,0,617,500,251.87,1,
1000058,failed,0,619,500,254.44,1,
1000059,failed,0,420,301,165.61,1,
1000060,failed,0,621,500,266.56,1,
1000061,failed,0,449,327,182.3,1,
1000062,failed,0,619,500,260.22,1,
1000063,failed,0,622,500,263.66,1,
1000064,failed,0,622,500,264.12,1,
1000065,failed,0,424,301,159.36,1,
1000066,success,1,395,278,162.15,1,
1000067,failed,0,617,500,289.87,1,
1000068,success,1,399,281,190.63,1,
1000069,success,1,405,284,186.72,1,
1000070,success,1,333,213,132.7,1,
1000071,failed,0,620,500,269.67,1,
1000072,success,1,451,333,199.51,1,
1000073,success,1,402,280,177.1,1,
1000074,success,1,388,269,162.29,1,
1000075,success,1,365,244,199.26,1,
1000076,failed,0,621,500,278.05,1,
1000077,failed,0,620,500,282.19,1,
1000078,failed,0,619,500,263.98,1,
1000079,failed,0,624,500,260.99,1,
1000080,failed,0,617,500,285.07,1,
1000081,failed,0,632,500,258.86,1,
1000082,success,1,403,282,158.02,1,
1000083,failed,0,622,500,265.03,1,
1000084,success,1,385,264,182.29,1,
1000085,failed,0,620,500,284.49,1,
1000086,failed,0,623,500,278.5,1,
1000087,failed,0,619,500,272.17,1,
1000088,success,1,331,211,138.3,1,
1000089,success,1,418,301,191.3,1,
1000090,success,1,395,276,164.17,1,
1000091,success,1,351,228,148.68,1,
1000092,success,1,362,245,181.48,1,
1000093,failed,0,622,500,250.5,1,
1000094,success,1,370,251,142.51,1,
1000095,success,1,361,241,139.51,1,
1000096,failed,0,621,500,259.22,1,
1000097,failed,0,617,500,260.45,1,
1000098,success,1,436,306,167.53,1,
1000099,failed,0,623,500,242.33,1,
